acaaggg,1
atggaaa,1
gggcgat,1
aaataat,1
tccaagt,1
tcaaagc,1
attttct,1
gattgtt,1
tatgtgt,1
cacacct,1
ctgatca,1
caggaat,1
catgtca,1
gacatca,2
acttggt,2
agtttga,2
taaaggg,3
tactaag,3
aaaggga,3
atgggta,3
taaaggg,3
aaaggga,3
aaatgct,3
gacatca,4
ttgaggc,4
gtaccat,4
cgtgtct,4
tagctct,4
tttgcag,4
acagcgc,4
ttgcaga,4
ttttttt,4
cctcatt,4
tttgcag,4
tcactac,4
tgacatc,4
ttgcaga,4
cagtctt,4
acagtaa,5
ctcccaa,5
acagtaa,5
aggtcca,5
atgacac,5
cagcagg,5
tcagtca,5
acagcag,5
aacggaa,5
cacctcc,5
ctacagt,5
tctcagg,5
aaggtgc,6
ccacagg,6
aagtgct,6
gtagtgt,6
aagtgct,6
agtgcaa,6
cagtgca,6
aagtgct,6
agtgcaa,6
gcttgtt,6
acattca,6
aagtgct,6
acattca,6
atgtgcc,6
gtaaaca,6
gtgcaaa,6
ccagcat,6
cagtagt,6
tcacatt,6
aagtgct,6
tacagta,6
agtagtc,6
ggctcag,6
aagtgct,6
tcccttt,6
tcacagt,6
aagtgct,6
aaagtgc,6
taagact,6
accacag,6
aagtgct,6
cacagtg,6
gagatga,6
aagtgct,6
agtgcaa,6
cagtgca,6
aagtgct,6
aacagtc,6
acattca,6
aagtgct,6
atgtgcc,6
gtaaaca,6
gctcagt,6
gtgcaaa,6
acagtag,6
tcacatt,6
aagtgct,6
tcctatg,6
ggctcag,6
aagtgct,6
ccttcat,6
tcacagt,6
aggctgg,6
aagtgct,6
aaagtgc,6
taagact,6
ataaagt,6
aagtgct,6
cacagtg,6
acagtat,6
aagtgct,6
agtgcaa,6
aagtgct,6
aacagtc,6
acattca,6
aagtgct,6
tgtgctt,6
gtaaaca,6
gctacat,6
gtgcaaa,6
agtagtc,6
tcacatt,6
aagtgct,6
tgaaatg,6
tcaagta,6
aagtgct,6
taagacg,6
tcacagt,6
aagtgct,6
aaagtgc,6
cgaccca,6
ataaagt,6
aagtgct,6
cacagtg,6
tacagta,6
aagtgct,6
ctttgac,6
aagtgct,6
ccttggc,6
acattca,6
aagtgct,6
tgtgctt,6
gtaaaca,6
gctacat,6
agcttat,6
cagtagt,6
tcacatt,6
aagtgct,6
gaaatgt,6
tcaagta,6
aagtgct,6
aaagtgc,6
cagtaac,6
aagtgct,6
gtagtgt,6
aagtgct,6
tccagtt,6
aagtgct,6
agtgcaa,6
aagtgct,6
ccttggc,6
acattca,6
aagtgct,6
tgtgctt,6
gtaaaca,6
aaagtgc,6
gctacat,6
agcttat,6
aagtgct,6
acagtag,6
tcacatt,6
aagtgct,6
tgaaatg,6
tcaagta,6
aagtgct,6
aaagtgc,6
gctggtg,6
aagtgct,6
ccataaa,6
aagtgct,6
gagaact,6
aagtgct,6
agtgcaa,6
aagtgct,6
acattca,6
aagtgct,6
cacatgg,6
gtaaaca,6
gtgcaaa,6
gtcagtt,6
cagtagt,6
aagtgct,6
acagtac,6
agtagtc,6
ggctcag,6
aagtgct,6
ggagtgt,6
gaaatgt,6
tcaagta,6
ccctcac,6
aaggtgc,6
gctggtg,6
aagtgct,6
ataaagt,6
aagtgct,6
gagaact,6
aagtgct,6
agtgcaa,6
taatgct,6
aagtgct,6
acattca,6
aagtgct,6
gtaaaca,6
gtaacag,6
gtgcaaa,6
ccagcat,6
acagtag,6
aagtgct,6
tacagta,6
cagtagt,6
ggctcag,6
aagtgct,6
tcccttt,6
tcacagt,6
ccctcac,6
aaggtgc,6
aagtgct,6
tagtgtt,6
aagtgct,6
tgagaac,6
aagtgct,6
agtgcaa,6
acattca,6
aagtgct,6
acattca,6
aaccgtt,6
ccctcac,6
tgaccta,6
gtaacag,6
gtgcaaa,6
ccagcat,6
agtagtc,6
aagtgct,6
acagtac,6
acagtag,6
ggctcag,6
aagtgct,6
tcccttt,6
tcacagt,6
tcgtacc,7
agcagca,7
aggtagt,7
agcagca,7
aggtagt,7
agcagca,7
ccagtat,7
cgtaccg,7
aggtagt,7
agcagca,7
agcagca,7
attatta,7
aggtagt,7
agcagcg,7
tcgtacc,7
aggtagt,7
agcagca,7
cgtaccg,7
agcagca,7
attatta,7
agcagca,7
atggctt,8
actgcat,8
tactgca,8
tttttgc,8
tttttgc,8
atggctt,8
tttttgc,8
atggctt,8
tttttgc,8
atggctt,8
gcagcat,9
gcagcat,9
gcagcat,9
gcagcat,9
ctttggt,10
gaggtag,10
gaggtag,10
ggaatgt,10
tggtccc,10
ggaagac,10
aaggcac,10
actggcc,10
gattgtc,10
aatgttc,10
attgcac,10
aaggcac,10
ctttggt,10
gaggtag,10
gaggtag,10
ggaatgt,10
ttggtcc,10
ggacgga,10
aatactg,10
tattgct,10
taaggca,10
actggcc,10
ggcagtg,10
ttgttcg,10
ttggcac,10
taaggca,10
aatactg,10
attgctt,10
ctttggt,10
gaggtag,10
gaggtag,10
ggaatgt,10
tggtccc,10
ggacgga,10
actggcc,10
ggcagtg,10
ttgttcg,10
ttggcaa,10
aaggcac,10
aacactg,10
tattgct,10
ctttggt,10
gaggtag,10
gaggtag,10
tgcatag,10
gaggtag,10
ggaatgt,10
ttggtcc,10
aatgccc,10
ggcagtg,10
atggcac,10
taaggca,10
tgtgcgt,10
agcacca,10
gatatgt,10
aacactg,10
attgctt,10
ctttggt,10
gaggtag,10
gaggtag,10
tgcatag,10
gaggtag,10
ggaagac,10
tggtccc,10
aatgccc,10
attgcac,10
tggcact,10
aaggcac,10
ctgaatt,10
gatatgt,10
aatactg,10
ctttggt,10
gaggtag,10
gaggtag,10
tcatttt,10
gaggtag,10
ttggtcc,10
ggaagac,10
agcacca,10
aatgccc,10
attgcac,10
agctgcc,10
taaggca,10
aatactg,10
gaggtag,10
gaggtag,10
gaggtag,10
tggtccc,10
ggaagac,10
aatctct,10
agcacca,10
gattgtc,10
attgcac,10
agctgcc,10
aaggcac,10
aaggcac,10
ctttggt,10
gaggtag,10
gaggtag,10
gaggtag,10
ttggtcc,10
ggaagac,10
taaggca,10
aatctca,10
agcacca,10
gattgtc,10
ggcaaga,10
attgcac,10
agctgcc,10
taaggca,10
accctgt,11
acccgta,11
ccctgag,11
ccctgta,11
acccgta,11
ccctgag,11
accctgt,11
acccgta,11
ccctgta,11
acccgta,11
accctgt,11
ccctgag,11
ccctgta,11
ccctgag,11
accctgt,11
accctgt,11
ccctgag,11
ccctgta,11
ccctgta,11
ccctgag,11