GAGGUAG, 21
GGAAUGU, 4
GGAAGAC, 5
AAUACUG, 4
AACACUG, 2
CUUUGGU, 7
ACCCUGU, 5
CCCUGUA, 5
ACCCGUA, 4
CCCUGAG, 6
AGCAGCA, 8
AGCAGCG, 1
CCAAUAU, 1
CCAGUAU, 1
AAAGUGC, 6
AAGGUGC, 3
GUGCAAA, 6
AGCUUAU, 2
AGCUGCC, 3
UCACAUU, 5
GGCUCAG, 5
UCAAGUA, 4
UCACAGU, 5
AGCACCA, 4
CUGAAUU, 1
GUAAACA, 7
GGCAAGA, 1
AAUGUUC, 1
GGCAGUG, 3
AUUGCAC, 5
UUGGCAC, 1
UUGGCAA, 1
AUGGCAC, 1
UGGCACU, 1
ACAGUAC, 2
UACAGUA, 3
GCAGCAU, 4
GGAGUGU, 1
AAGGCAC, 6
UAAGGCA, 6
CGUACCG, 2
AUUAUUA, 2
UCGUACC, 2
CACAGUG, 3
UUUUUGC, 4
AGUGCAA, 8
CUUUGAC, 1
AACAGUC, 4
CCUUGGC, 2
UUGGUCC, 4
UGGUCCC, 4
AUGGCUU, 4
UAUUGCU, 2
AUUGCUU, 2
GCUGGUG, 2
CUACAGU, 1
CCACAGG, 1
ACCACAG, 1
AUAAAGU, 3
UAGUGUU, 2
GUAGUGU, 2
CCAUAAA, 1
GAGAUGA, 1
ACAGUAU, 1
UCCAGUU, 1
GAGAACU, 2
UGAGAAC, 1
CAGUGCA, 2
CUCCCAA, 1
UGCAUAG, 2
UCAUUUU, 1
UAAUGCU, 1
ACAUUCA, 10
GGACGGA, 2
CGUGUCU, 1
GAUAUGU, 2
AACGGAA, 1
UGACCUA, 1
ACUGGCC, 3
AAUGCCC, 3
GUAACAG, 2
AGGUAGU, 5
CAGUAGU, 4
ACAGUAG, 4
AGUAGUC, 4
UCCUAUG, 1
UGAAAUG, 2
GAAAUGU, 2
UCCCUUU, 3
CCUUCAU, 1
UAAGACG, 1
UGUGCGU, 1
CAGCAGG, 1
ACAGCAG, 1
AAUCUCU, 1
AAUCUCA, 1
ACUGCAU, 1
UACUGCA, 1
UGUGCUU, 3
CACAUGG, 1
GAUUGUC, 3
GAAUUGU, 2
GAGUUGU, 1
GCUCAGU, 1
GCUACAU, 4
GUCAGUU, 1
CCAGCAU, 3
UUGUUCG, 2
AUGACAC, 1
AAGUGCU, 55
CCCUCAC, 3
AACCGUU, 1
AUGUGCC, 2
AGGCUGG, 1
UAGCUCU, 1
CAGUAAC, 1
ACAGCGC, 1
CCUCAUU, 1
UGACAUC, 1
GACAUCA, 2
UAAGACU, 2
CGACCCA, 1
UUUGCAG, 2
UUGCAGA, 2
UAAAGGG, 2
AAAGGGA, 2
UCAGUCA, 1
UCACUAC, 1
CAGUCUU, 1
UUGAGGC, 1
UACUAAG, 1
AUGGGUA, 1
UCAAAGC, 1
AAAUGCU, 1
UUUUUUU, 1
CACCUCC, 1
UCUCAGG, 1
GCUUGUU, 1
AGGCAGC, 1
ACAGUAA, 2
AGGUCCA, 1
GAUUGUU, 1
CACACCU, 1
ACUUGGU, 1
AGUUUGA, 1
GUACCAU, 1
AUGGAAA, 1
UCCAAGU, 1
AUUUUCU, 1
UAUGUGU, 1
CUGAUCA, 1
CAGGAAU, 1
GCUGUGG, 1
CAUGUCA, 1
ACAAGGG, 1
GGGCGAU, 1
UGGUAUC, 1
AAAUAAU, 1
