miRNA Seed,Seed Match,miRNA abundance,Seed Match abundance
GAGGUAG,CUACCUC,21,590
GGAAUGU,ACAUUCC,4,1537
GGAAGAC,GUCUUCC,5,830
AAUACUG,CAGUAUU,4,3621
AACACUG,CAGUGUU,2,4223
CUUUGGU,ACCAAAG,7,1731
ACCCUGU,ACAGGGU,5,1085
CCCUGUA,UACAGGG,5,854
ACCCGUA,UACGGGU,4,189
CCCUGAG,CUCAGGG,6,824
AGCAGCA,UGCUGCU,8,3337
AGCAGCG,CGCUGCU,1,772
CCAAUAU,AUAUUGG,1,1687
CCAGUAU,AUACUGG,1,1098
AAAGUGC,GCACUUU,6,3040
AAGGUGC,GCACCUU,3,1027
GUGCAAA,UUUGCAC,6,3051
AGCUUAU,AUAAGCU,2,1561
AGCUGCC,GGCAGCU,3,827
UCACAUU,AAUGUGA,5,4336
GGCUCAG,CUGAGCC,5,1060
UCAAGUA,UACUUGA,4,2037
UCACAGU,ACUGUGA,5,3169
AGCACCA,UGGUGCU,4,1686
CUGAAUU,AAUUCAG,1,2679
GUAAACA,UGUUUAC,7,4809
GGCAAGA,UCUUGCC,1,813
AAUGUUC,GAACAUU,1,3040
GGCAGUG,CACUGCC,3,1219
AUUGCAC,GUGCAAU,5,1894
UUGGCAC,GUGCCAA,1,1294
UUGGCAA,UUGCCAA,1,1781
AUGGCAC,GUGCCAU,1,1408
UGGCACU,AGUGCCA,1,1280
ACAGUAC,GUACUGU,2,2585
UACAGUA,UACUGUA,3,5421
GCAGCAU,AUGCUGC,4,1962
GGAGUGU,ACACUCC,1,1154
AAGGCAC,GUGCCUU,6,1657
UAAGGCA,UGCCUUA,6,1761
CGUACCG,CGGUACG,2,110
AUUAUUA,UAAUAAU,2,9239
UCGUACC,GGUACGA,2,167
CACAGUG,CACUGUG,3,2763
UUUUUGC,GCAAAAA,4,3917
AGUGCAA,UUGCACU,8,2609
CUUUGAC,GUCAAAG,1,1503
AACAGUC,GACUGUU,4,2350
CCUUGGC,GCCAAGG,2,433
UUGGUCC,GGACCAA,4,1061
UGGUCCC,GGGACCA,4,566
AUGGCUU,AAGCCAU,4,1667
UAUUGCU,AGCAAUA,2,1978
AUUGCUU,AAGCAAU,2,2206
GCUGGUG,CACCAGC,2,1232
CUACAGU,ACUGUAG,1,2195
CCACAGG,CCUGUGG,1,1008
ACCACAG,CUGUGGU,1,2134
AUAAAGU,ACUUUAU,3,4424
UAGUGUU,AACACUA,2,2517
GUAGUGU,ACACUAC,2,1839
CCAUAAA,UUUAUGG,1,2516
GAGAUGA,UCAUCUC,1,1861
ACAGUAU,AUACUGU,1,3818
UCCAGUU,AACUGGA,1,1984
GAGAACU,AGUUCUC,2,1114
UGAGAAC,GUUCUCA,1,1435
CAGUGCA,UGCACUG,2,2861
CUCCCAA,UUGGGAG,1,886
UGCAUAG,CUAUGCA,2,1325
UCAUUUU,AAAAUGA,1,8232
UAAUGCU,AGCAUUA,1,2275
ACAUUCA,UGAAUGU,10,5610
GGACGGA,UCCGUCC,2,435
CGUGUCU,AGACACG,1,568
GAUAUGU,ACAUAUC,2,1318
AACGGAA,UUCCGUU,1,702
UGACCUA,UAGGUCA,1,820
ACUGGCC,GGCCAGU,3,851
AAUGCCC,GGGCAUU,3,772
GUAACAG,CUGUUAC,2,1677
AGGUAGU,ACUACCU,5,810
CAGUAGU,ACUACUG,4,1581
ACAGUAG,CUACUGU,4,1867
AGUAGUC,GACUACU,4,725
UCCUAUG,CAUAGGA,1,567
UGAAAUG,CAUUUCA,2,5061
GAAAUGU,ACAUUUC,2,4485
UCCCUUU,AAAGGGA,3,3025
CCUUCAU,AUGAAGG,1,1968
UAAGACG,CGUCUUA,1,461
UGUGCGU,ACGCACA,1,1308
CAGCAGG,CCUGCUG,1,2010
ACAGCAG,CUGCUGU,1,3926
AAUCUCU,AGAGAUU,1,2375
AAUCUCA,UGAGAUU,1,2574
ACUGCAU,AUGCAGU,1,2849
UACUGCA,UGCAGUA,1,2245
UGUGCUU,AAGCACA,3,2763
CACAUGG,CCAUGUG,1,1363
GAUUGUC,GACAAUC,3,1029
GAAUUGU,ACAAUUC,2,1944
GAGUUGU,ACAACUC,1,1042
GCUCAGU,ACUGAGC,1,1476
GCUACAU,AUGUAGC,4,1384
GUCAGUU,AACUGAC,1,1900
CCAGCAU,AUGCUGG,3,1770
UUGUUCG,CGAACAA,2,520
AUGACAC,GUGUCAU,1,2023
AAGUGCU,AGCACUU,55,2506
CCCUCAC,GUGAGGG,3,809
AACCGUU,AACGGUU,1,723
AUGUGCC,GGCACAU,2,904
AGGCUGG,CCAGCCU,1,1105
UAGCUCU,AGAGCUA,1,857
CAGUAAC,GUUACUG,1,1743
ACAGCGC,GCGCUGU,1,801
CCUCAUU,AAUGAGG,1,1682
UGACAUC,GAUGUCA,1,2079
GACAUCA,UGAUGUC,2,2187
UAAGACU,AGUCUUA,2,1688
CGACCCA,UGGGUCG,1,260
UUUGCAG,CUGCAAA,2,2754
UUGCAGA,UCUGCAA,2,1996
UAAAGGG,CCCUUUA,2,2429
AAAGGGA,UCCCUUU,2,2613
UCAGUCA,UGACUGA,1,3031
UCACUAC,GUAGUGA,1,872
CAGUCUU,AAGACUG,1,2142
UUGAGGC,GCCUCAA,1,1021
UACUAAG,CUUAGUA,1,660
AUGGGUA,UACCCAU,1,795
UCAAAGC,GCUUUGA,1,2066
AAAUGCU,AGCAUUU,1,4453
UUUUUUU,AAAAAAA,1,44774
CACCUCC,GGAGGUG,1,756
UCUCAGG,CCUGAGA,1,919
GCUUGUU,AACAAGC,1,2119
AGGCAGC,GCUGCCU,1,873
ACAGUAA,UUACUGU,2,4506
AGGUCCA,UGGACCU,1,807
GAUUGUU,AACAAUC,1,1834
CACACCU,AGGUGUG,1,1855
ACUUGGU,ACCAAGU,1,969
AGUUUGA,UCAAACU,1,3235
GUACCAU,AUGGUAC,1,795
AUGGAAA,UUUCCAU,1,3533
UCCAAGU,ACUUGGA,1,1110
AUUUUCU,AGAAAAU,1,5216
UAUGUGU,ACACAUA,1,3099
CUGAUCA,UGAUCAG,1,1915
CAGGAAU,AUUCCUG,1,1840
GCUGUGG,CCACAGC,1,1535
CAUGUCA,UGACAUG,1,2332
ACAAGGG,CCCUUGU,1,804
GGGCGAU,AUCGCCC,1,234
UGGUAUC,GAUACCA,1,596
AAAUAAU,AUUAUUU,1,10965
