CUACCUC, 590
ACAUUCC, 1537
GUCUUCC, 830
CAGUAUU, 3621
CAGUGUU, 4223
ACCAAAG, 1731
ACAGGGU, 1085
UACAGGG, 854
UACGGGU, 189
CUCAGGG, 824
UGCUGCU, 3337
CGCUGCU, 772
AUAUUGG, 1687
AUACUGG, 1098
GCACUUU, 3040
GCACCUU, 1027
UUUGCAC, 3051
AUAAGCU, 1561
GGCAGCU, 827
AAUGUGA, 4336
CUGAGCC, 1060
UACUUGA, 2037
ACUGUGA, 3169
UGGUGCU, 1686
AAUUCAG, 2679
UGUUUAC, 4809
UCUUGCC, 813
GAACAUU, 3040
CACUGCC, 1219
GUGCAAU, 1894
GUGCCAA, 1294
UUGCCAA, 1781
GUGCCAU, 1408
AGUGCCA, 1280
GUACUGU, 2585
UACUGUA, 5421
AUGCUGC, 1962
ACACUCC, 1154
GUGCCUU, 1657
UGCCUUA, 1761
CGGUACG, 110
UAAUAAU, 9239
GGUACGA, 167
CACUGUG, 2763
GCAAAAA, 3917
UUGCACU, 2609
GUCAAAG, 1503
GACUGUU, 2350
GCCAAGG, 433
GGACCAA, 1061
GGGACCA, 566
AAGCCAU, 1667
AGCAAUA, 1978
AAGCAAU, 2206
CACCAGC, 1232
ACUGUAG, 2195
CCUGUGG, 1008
CUGUGGU, 2134
ACUUUAU, 4424
AACACUA, 2517
ACACUAC, 1839
UUUAUGG, 2516
UCAUCUC, 1861
AUACUGU, 3818
AACUGGA, 1984
AGUUCUC, 1114
GUUCUCA, 1435
UGCACUG, 2861
UUGGGAG, 886
CUAUGCA, 1325
AAAAUGA, 8232
AGCAUUA, 2275
UGAAUGU, 5610
UCCGUCC, 435
AGACACG, 568
ACAUAUC, 1318
UUCCGUU, 702
UAGGUCA, 820
GGCCAGU, 851
GGGCAUU, 772
CUGUUAC, 1677
ACUACCU, 810
ACUACUG, 1581
CUACUGU, 1867
GACUACU, 725
CAUAGGA, 567
CAUUUCA, 5061
ACAUUUC, 4485
AAAGGGA, 3025
AUGAAGG, 1968
CGUCUUA, 461
ACGCACA, 1308
CCUGCUG, 2010
CUGCUGU, 3926
AGAGAUU, 2375
UGAGAUU, 2574
AUGCAGU, 2849
UGCAGUA, 2245
AAGCACA, 2763
CCAUGUG, 1363
GACAAUC, 1029
ACAAUUC, 1944
ACAACUC, 1042
ACUGAGC, 1476
AUGUAGC, 1384
AACUGAC, 1900
AUGCUGG, 1770
CGAACAA, 520
GUGUCAU, 2023
AGCACUU, 2506
GUGAGGG, 809
AACGGUU, 723
GGCACAU, 904
CCAGCCU, 1105
AGAGCUA, 857
GUUACUG, 1743
GCGCUGU, 801
AAUGAGG, 1682
GAUGUCA, 2079
UGAUGUC, 2187
AGUCUUA, 1688
UGGGUCG, 260
CUGCAAA, 2754
UCUGCAA, 1996
CCCUUUA, 2429
UCCCUUU, 2613
UGACUGA, 3031
GUAGUGA, 872
AAGACUG, 2142
GCCUCAA, 1021
CUUAGUA, 660
UACCCAU, 795
GCUUUGA, 2066
AGCAUUU, 4453
AAAAAAA, 44774
GGAGGUG, 756
CCUGAGA, 919
AACAAGC, 2119
GCUGCCU, 873
UUACUGU, 4506
UGGACCU, 807
AACAAUC, 1834
AGGUGUG, 1855
ACCAAGU, 969
UCAAACU, 3235
AUGGUAC, 795
UUUCCAU, 3533
ACUUGGA, 1110
AGAAAAU, 5216
ACACAUA, 3099
UGAUCAG, 1915
AUUCCUG, 1840
CCACAGC, 1535
UGACAUG, 2332
CCCUUGU, 804
AUCGCCC, 234
GAUACCA, 596
AUUAUUU, 10965
