Seed Match,abundance (Match)
CTACCTC,590
CTACCTC,590
CTACCTC,590
CTACCTC,590
CTACCTC,590
CTACCTC,590
CTACCTC,590
CTACCTC,590
CTACCTC,590
CTACCTC,590
CTACCTC,590
CTACCTC,590
CTACCTC,590
CTACCTC,590
CTACCTC,590
CTACCTC,590
CTACCTC,590
CTACCTC,590
CTACCTC,590
CTACCTC,590
CTACCTC,590
ACATTCC,1537
ACATTCC,1537
ACATTCC,1537
ACATTCC,1537
GTCTTCC,830
GTCTTCC,830
GTCTTCC,830
GTCTTCC,830
GTCTTCC,830
CAGTATT,3621
CAGTATT,3621
CAGTGTT,4223
CAGTGTT,4223
CAGTATT,3621
CAGTATT,3621
ACCAAAG,1731
ACCAAAG,1731
ACCAAAG,1731
ACCAAAG,1731
ACCAAAG,1731
ACCAAAG,1731
ACCAAAG,1731
ACAGGGT,1085
TACAGGG,854
ACAGGGT,1085
TACAGGG,854
ACAGGGT,1085
TACAGGG,854
ACAGGGT,1085
TACAGGG,854
ACAGGGT,1085
TACAGGG,854
TACGGGT,189
TACGGGT,189
TACGGGT,189
TACGGGT,189
CTCAGGG,824
CTCAGGG,824
CTCAGGG,824
CTCAGGG,824
CTCAGGG,824
CTCAGGG,824
TGCTGCT,3337
TGCTGCT,3337
CGCTGCT,772
TGCTGCT,3337
TGCTGCT,3337
TGCTGCT,3337
ATATTGG,1687
TGCTGCT,3337
TGCTGCT,3337
ATACTGG,1098
TGCTGCT,3337
GCACTTT,3040
GCACTTT,3040
GCACCTT,1027
GCACCTT,1027
GCACCTT,1027
GCACTTT,3040
GCACTTT,3040
GCACTTT,3040
GCACTTT,3040
TTTGCAC,3051
TTTGCAC,3051
TTTGCAC,3051
TTTGCAC,3051
TTTGCAC,3051
TTTGCAC,3051
ATAAGCT,1561
ATAAGCT,1561
GGCAGCT,827
GGCAGCT,827
GGCAGCT,827
AATGTGA,4336
AATGTGA,4336
AATGTGA,4336
AATGTGA,4336
AATGTGA,4336
CTGAGCC,1060
CTGAGCC,1060
CTGAGCC,1060
CTGAGCC,1060
CTGAGCC,1060
TACTTGA,2037
TACTTGA,2037
TACTTGA,2037
TACTTGA,2037
ACTGTGA,3169
ACTGTGA,3169
ACTGTGA,3169
ACTGTGA,3169
ACTGTGA,3169
TGGTGCT,1686
AATTCAG,2679
TGGTGCT,1686
TGGTGCT,1686
TGGTGCT,1686
TGTTTAC,4809
TGTTTAC,4809
TGTTTAC,4809
TGTTTAC,4809
TGTTTAC,4809
TGTTTAC,4809
TGTTTAC,4809
TCTTGCC,813
GAACATT,3040
CACTGCC,1219
CACTGCC,1219
CACTGCC,1219
GTGCAAT,1894
GTGCAAT,1894
GTGCAAT,1894
GTGCAAT,1894
GTGCAAT,1894
GTGCCAA,1294
TTGCCAA,1781
GTGCCAT,1408
AGTGCCA,1280
GTACTGT,2585
TACTGTA,5421
GTACTGT,2585
TACTGTA,5421
ATGCTGC,1962
ATGCTGC,1962
ATGCTGC,1962
ATGCTGC,1962
ACACTCC,1154
GTGCCTT,1657
TGCCTTA,1761
GTGCCTT,1657
TGCCTTA,1761
GTGCCTT,1657
TGCCTTA,1761
GTGCCTT,1657
TGCCTTA,1761
GTGCCTT,1657
TGCCTTA,1761
GTGCCTT,1657
TGCCTTA,1761
CGGTACG,110
TAATAAT,9239
GGTACGA,167
CGGTACG,110
TAATAAT,9239
GGTACGA,167
CACTGTG,2763
CACTGTG,2763
CACTGTG,2763
GCAAAAA,3917
GCAAAAA,3917
GCAAAAA,3917
GCAAAAA,3917
TTGCACT,2609
TTGCACT,2609
TTGCACT,2609
GTCAAAG,1503
TTGCACT,2609
TTGCACT,2609
TTGCACT,2609
TTGCACT,2609
TTGCACT,2609
GACTGTT,2350
GACTGTT,2350
GCCAAGG,433
GACTGTT,2350
GCCAAGG,433
GACTGTT,2350
GGACCAA,1061
GGGACCA,566
GGACCAA,1061
GGGACCA,566
GGACCAA,1061
GGGACCA,566
GGACCAA,1061
GGGACCA,566
AAGCCAT,1667
AAGCCAT,1667
AAGCCAT,1667
AAGCCAT,1667
AGCAATA,1978
AAGCAAT,2206
AGCAATA,1978
AAGCAAT,2206
CACCAGC,1232
CACCAGC,1232
ACTGTAG,2195
CCTGTGG,1008
CTGTGGT,2134
ACTTTAT,4424
ACTTTAT,4424
AACACTA,2517
ACACTAC,1839
TTTATGG,2516
ACTTTAT,4424
AACACTA,2517
ACACTAC,1839
TCATCTC,1861
ATACTGT,3818
TACTGTA,5421
AACTGGA,1984
AGTTCTC,1114
AGTTCTC,1114
GTTCTCA,1435
TGCACTG,2861
TGCACTG,2861
TTGGGAG,886
CTATGCA,1325
CTATGCA,1325
AAAATGA,8232
AGCATTA,2275
TGAATGT,5610
TGAATGT,5610
TGAATGT,5610
TGAATGT,5610
TGAATGT,5610
TGAATGT,5610
TGAATGT,5610
TGAATGT,5610
TGAATGT,5610
TGAATGT,5610
TCCGTCC,435
TCCGTCC,435
AGACACG,568
ACATATC,1318
ACATATC,1318
TTCCGTT,702
TAGGTCA,820
GGCCAGT,851
GGCCAGT,851
GGCCAGT,851
GGGCATT,772
GGGCATT,772
GGGCATT,772
CTGTTAC,1677
CTGTTAC,1677
ACTACCT,810
ACTACCT,810
ACTACCT,810
ACTACCT,810
ACTACCT,810
ACTACTG,1581
CTACTGT,1867
GACTACT,725
ACTACTG,1581
CTACTGT,1867
GACTACT,725
ACTACTG,1581
CTACTGT,1867
GACTACT,725
ACTACTG,1581
CTACTGT,1867
GACTACT,725
CATAGGA,567
CATTTCA,5061
ACATTTC,4485
CATTTCA,5061
ACATTTC,4485
AAAGGGA,3025
AAAGGGA,3025
AAAGGGA,3025
ATGAAGG,1968
CGTCTTA,461
ACGCACA,1308
CCTGCTG,2010
CTGCTGT,3926
AGAGATT,2375
TGAGATT,2574
ATGCAGT,2849
TGCAGTA,2245
AAGCACA,2763
AAGCACA,2763
AAGCACA,2763
CCATGTG,1363
GACAATC,1029
ACAATTC,1944
GACAATC,1029
ACAATTC,1944
GACAATC,1029
ACAACTC,1042
ACTGAGC,1476
ATGTAGC,1384
ATGTAGC,1384
ATGTAGC,1384
ATGTAGC,1384
AACTGAC,1900
ATGCTGG,1770
ATGCTGG,1770
ATGCTGG,1770
CGAACAA,520
CGAACAA,520
GTGTCAT,2023
AGCACTT,2506
AGCACTT,2506
AGCACTT,2506
AGCACTT,2506
AGCACTT,2506
AGCACTT,2506
AGCACTT,2506
AGCACTT,2506
AGCACTT,2506
AGCACTT,2506
AGCACTT,2506
AGCACTT,2506
AGCACTT,2506
AGCACTT,2506
AGCACTT,2506
AGCACTT,2506
AGCACTT,2506
GTGAGGG,809
GTGAGGG,809
GTGAGGG,809
AGCACTT,2506
AGCACTT,2506
AGCACTT,2506
AGCACTT,2506
AGCACTT,2506
AGCACTT,2506
AGCACTT,2506
AGCACTT,2506
AGCACTT,2506
AGCACTT,2506
AGCACTT,2506
AGCACTT,2506
AGCACTT,2506
AGCACTT,2506
AGCACTT,2506
AGCACTT,2506
AGCACTT,2506
AGCACTT,2506
AGCACTT,2506
AGCACTT,2506
AGCACTT,2506
AGCACTT,2506
AGCACTT,2506
AGCACTT,2506
AGCACTT,2506
AGCACTT,2506
AGCACTT,2506
AGCACTT,2506
AGCACTT,2506
AGCACTT,2506
AGCACTT,2506
AGCACTT,2506
AGCACTT,2506
AGCACTT,2506
AGCACTT,2506
AGCACTT,2506
AGCACTT,2506
AGCACTT,2506
AACGGTT,723
GGCACAT,904
GGCACAT,904
CCAGCCT,1105
AGAGCTA,857
GTTACTG,1743
GCGCTGT,801
AATGAGG,1682
GATGTCA,2079
TGATGTC,2187
AGTCTTA,1688
AGTCTTA,1688
TGGGTCG,260
CTGCAAA,2754
TCTGCAA,1996
CTGCAAA,2754
TCTGCAA,1996
TGATGTC,2187
CCCTTTA,2429
TCCCTTT,2613
CCCTTTA,2429
TCCCTTT,2613
TGACTGA,3031
GTAGTGA,872
AAGACTG,2142
GCCTCAA,1021
CTTAGTA,660
TACCCAT,795
GCTTTGA,2066
AGCATTT,4453
AAAAAAA,44774
GGAGGTG,756
CCTGAGA,919
AACAAGC,2119
GCTGCCT,873
TTACTGT,4506
TTACTGT,4506
TGGACCT,807
AACAATC,1834
AGGTGTG,1855
ACCAAGT,969
TCAAACT,3235
ATGGTAC,795
TTTCCAT,3533
ACTTGGA,1110
AGAAAAT,5216
ACACATA,3099
TGATCAG,1915
ATTCCTG,1840
CCACAGC,1535
TGACATG,2332
CCCTTGT,804
ATCGCCC,234
GATACCA,596
ATTATTT,10965
