GAGGTAG,21
GAGGTAG,21
GAGGTAG,21
GAGGTAG,21
GAGGTAG,21
GAGGTAG,21
GAGGTAG,21
GAGGTAG,21
GAGGTAG,21
GAGGTAG,21
GAGGTAG,21
GAGGTAG,21
GAGGTAG,21
GAGGTAG,21
GAGGTAG,21
GAGGTAG,21
GAGGTAG,21
GAGGTAG,21
GAGGTAG,21
GAGGTAG,21
GAGGTAG,21
GGAATGT,4
GGAATGT,4
GGAATGT,4
GGAATGT,4
GGAAGAC,5
GGAAGAC,5
GGAAGAC,5
GGAAGAC,5
GGAAGAC,5
AATACTG,4
AATACTG,4
AACACTG,2
AACACTG,2
AATACTG,4
AATACTG,4
CTTTGGT,7
CTTTGGT,7
CTTTGGT,7
CTTTGGT,7
CTTTGGT,7
CTTTGGT,7
CTTTGGT,7
ACCCTGT,5
CCCTGTA,5
ACCCTGT,5
CCCTGTA,5
ACCCTGT,5
CCCTGTA,5
ACCCTGT,5
CCCTGTA,5
ACCCTGT,5
CCCTGTA,5
ACCCGTA,4
ACCCGTA,4
ACCCGTA,4
ACCCGTA,4
CCCTGAG,6
CCCTGAG,6
CCCTGAG,6
CCCTGAG,6
CCCTGAG,6
CCCTGAG,6
AGCAGCA,8
AGCAGCA,8
AGCAGCG,1
AGCAGCA,8
AGCAGCA,8
AGCAGCA,8
CCAATAT,1
AGCAGCA,8
AGCAGCA,8
CCAGTAT,1
AGCAGCA,8
AAAGTGC,6
AAAGTGC,6
AAGGTGC,3
AAGGTGC,3
AAGGTGC,3
AAAGTGC,6
AAAGTGC,6
AAAGTGC,6
AAAGTGC,6
GTGCAAA,6
GTGCAAA,6
GTGCAAA,6
GTGCAAA,6
GTGCAAA,6
GTGCAAA,6
AGCTTAT,2
AGCTTAT,2
AGCTGCC,3
AGCTGCC,3
AGCTGCC,3
TCACATT,5
TCACATT,5
TCACATT,5
TCACATT,5
TCACATT,5
GGCTCAG,5
GGCTCAG,5
GGCTCAG,5
GGCTCAG,5
GGCTCAG,5
TCAAGTA,4
TCAAGTA,4
TCAAGTA,4
TCAAGTA,4
TCACAGT,5
TCACAGT,5
TCACAGT,5
TCACAGT,5
TCACAGT,5
AGCACCA,4
CTGAATT,1
AGCACCA,4
AGCACCA,4
AGCACCA,4
GTAAACA,7
GTAAACA,7
GTAAACA,7
GTAAACA,7
GTAAACA,7
GTAAACA,7
GTAAACA,7
GGCAAGA,1
AATGTTC,1
GGCAGTG,3
GGCAGTG,3
GGCAGTG,3
ATTGCAC,5
ATTGCAC,5
ATTGCAC,5
ATTGCAC,5
ATTGCAC,5
TTGGCAC,1
TTGGCAA,1
ATGGCAC,1
TGGCACT,1
ACAGTAC,2
TACAGTA,3
ACAGTAC,2
TACAGTA,3
GCAGCAT,4
GCAGCAT,4
GCAGCAT,4
GCAGCAT,4
GGAGTGT,1
AAGGCAC,6
TAAGGCA,6
AAGGCAC,6
TAAGGCA,6
AAGGCAC,6
TAAGGCA,6
AAGGCAC,6
TAAGGCA,6
AAGGCAC,6
TAAGGCA,6
AAGGCAC,6
TAAGGCA,6
CGTACCG,2
ATTATTA,2
TCGTACC,2
CGTACCG,2
ATTATTA,2
TCGTACC,2
CACAGTG,3
CACAGTG,3
CACAGTG,3
TTTTTGC,4
TTTTTGC,4
TTTTTGC,4
TTTTTGC,4
AGTGCAA,8
AGTGCAA,8
AGTGCAA,8
CTTTGAC,1
AGTGCAA,8
AGTGCAA,8
AGTGCAA,8
AGTGCAA,8
AGTGCAA,8
AACAGTC,4
AACAGTC,4
CCTTGGC,2
AACAGTC,4
CCTTGGC,2
AACAGTC,4
TTGGTCC,4
TGGTCCC,4
TTGGTCC,4
TGGTCCC,4
TTGGTCC,4
TGGTCCC,4
TTGGTCC,4
TGGTCCC,4
ATGGCTT,4
ATGGCTT,4
ATGGCTT,4
ATGGCTT,4
TATTGCT,2
ATTGCTT,2
TATTGCT,2
ATTGCTT,2
GCTGGTG,2
GCTGGTG,2
CTACAGT,1
CCACAGG,1
ACCACAG,1
ATAAAGT,3
ATAAAGT,3
TAGTGTT,2
GTAGTGT,2
CCATAAA,1
ATAAAGT,3
TAGTGTT,2
GTAGTGT,2
GAGATGA,1
ACAGTAT,1
TACAGTA,3
TCCAGTT,1
GAGAACT,2
GAGAACT,2
TGAGAAC,1
CAGTGCA,2
CAGTGCA,2
CTCCCAA,1
TGCATAG,2
TGCATAG,2
TCATTTT,1
TAATGCT,1
ACATTCA,10
ACATTCA,10
ACATTCA,10
ACATTCA,10
ACATTCA,10
ACATTCA,10
ACATTCA,10
ACATTCA,10
ACATTCA,10
ACATTCA,10
GGACGGA,2
GGACGGA,2
CGTGTCT,1
GATATGT,2
GATATGT,2
AACGGAA,1
TGACCTA,1
ACTGGCC,3
ACTGGCC,3
ACTGGCC,3
AATGCCC,3
AATGCCC,3
AATGCCC,3
GTAACAG,2
GTAACAG,2
AGGTAGT,5
AGGTAGT,5
AGGTAGT,5
AGGTAGT,5
AGGTAGT,5
CAGTAGT,4
ACAGTAG,4
AGTAGTC,4
CAGTAGT,4
ACAGTAG,4
AGTAGTC,4
CAGTAGT,4
ACAGTAG,4
AGTAGTC,4
CAGTAGT,4
ACAGTAG,4
AGTAGTC,4
TCCTATG,1
TGAAATG,2
GAAATGT,2
TGAAATG,2
GAAATGT,2
TCCCTTT,3
TCCCTTT,3
TCCCTTT,3
CCTTCAT,1
TAAGACG,1
TGTGCGT,1
CAGCAGG,1
ACAGCAG,1
AATCTCT,1
AATCTCA,1
ACTGCAT,1
TACTGCA,1
TGTGCTT,3
TGTGCTT,3
TGTGCTT,3
CACATGG,1
GATTGTC,3
GAATTGT,2
GATTGTC,3
GAATTGT,2
GATTGTC,3
GAGTTGT,1
GCTCAGT,1
GCTACAT,4
GCTACAT,4
GCTACAT,4
GCTACAT,4
GTCAGTT,1
CCAGCAT,3
CCAGCAT,3
CCAGCAT,3
TTGTTCG,2
TTGTTCG,2
ATGACAC,1
AAGTGCT,55
AAGTGCT,55
AAGTGCT,55
AAGTGCT,55
AAGTGCT,55
AAGTGCT,55
AAGTGCT,55
AAGTGCT,55
AAGTGCT,55
AAGTGCT,55
AAGTGCT,55
AAGTGCT,55
AAGTGCT,55
AAGTGCT,55
AAGTGCT,55
AAGTGCT,55
AAGTGCT,55
CCCTCAC,3
CCCTCAC,3
CCCTCAC,3
AAGTGCT,55
AAGTGCT,55
AAGTGCT,55
AAGTGCT,55
AAGTGCT,55
AAGTGCT,55
AAGTGCT,55
AAGTGCT,55
AAGTGCT,55
AAGTGCT,55
AAGTGCT,55
AAGTGCT,55
AAGTGCT,55
AAGTGCT,55
AAGTGCT,55
AAGTGCT,55
AAGTGCT,55
AAGTGCT,55
AAGTGCT,55
AAGTGCT,55
AAGTGCT,55
AAGTGCT,55
AAGTGCT,55
AAGTGCT,55
AAGTGCT,55
AAGTGCT,55
AAGTGCT,55
AAGTGCT,55
AAGTGCT,55
AAGTGCT,55
AAGTGCT,55
AAGTGCT,55
AAGTGCT,55
AAGTGCT,55
AAGTGCT,55
AAGTGCT,55
AAGTGCT,55
AAGTGCT,55
AACCGTT,1
ATGTGCC,2
ATGTGCC,2
AGGCTGG,1
TAGCTCT,1
CAGTAAC,1
ACAGCGC,1
CCTCATT,1
TGACATC,1
GACATCA,2
TAAGACT,2
TAAGACT,2
CGACCCA,1
TTTGCAG,2
TTGCAGA,2
TTTGCAG,2
TTGCAGA,2
GACATCA,2
TAAAGGG,2
AAAGGGA,2
TAAAGGG,2
AAAGGGA,2
TCAGTCA,1
TCACTAC,1
CAGTCTT,1
TTGAGGC,1
TACTAAG,1
ATGGGTA,1
TCAAAGC,1
AAATGCT,1
TTTTTTT,1
CACCTCC,1
TCTCAGG,1
GCTTGTT,1
AGGCAGC,1
ACAGTAA,2
ACAGTAA,2
AGGTCCA,1
GATTGTT,1
CACACCT,1
ACTTGGT,1
AGTTTGA,1
GTACCAT,1
ATGGAAA,1
TCCAAGT,1
ATTTTCT,1
TATGTGT,1
CTGATCA,1
CAGGAAT,1
GCTGTGG,1
CATGTCA,1
ACAAGGG,1
GGGCGAT,1
TGGTATC,1
AAATAAT,1
